<?xml version="1.0" encoding="UTF-8"?>
<project-private xmlns="http://www.netbeans.org/ns/project-private/1">
    <editor-bookmarks xmlns="http://www.netbeans.org/ns/editor-bookmarks/2" lastBookmarkId="0"/>
    <open-files xmlns="http://www.netbeans.org/ns/projectui-open-files/2">
        <group>
            <file>file:/F:/WORK/PIC/code/ry_task_dsPIC33.X/ry_task/PIC24_dsPIC/ry_port.c</file>
            <file>file:/F:/WORK/PIC/code/ry_task_dsPIC33.X/t_task.c</file>
            <file>file:/F:/WORK/PIC/code/ry_task_dsPIC33.X/ry_task/ry_core.c</file>
            <file>file:/F:/WORK/PIC/code/ry_task_dsPIC33.X/main.c</file>
        </group>
    </open-files>
</project-private>
